Workbook

Sheet Forecast
B2: North Carolina | G2: Cumberland County
B3: Total Homeless | C3: Volatility | G3: Total Homeless | H3: Volatility
B4: Year | C4: 0.08 | D4: Lower Band | E4: Upper Band | G4: Year | H4: 0.12 | I4: Lower Band | J4: Upper Band
B5: 2025 Forecast | C5: =NC!T3 -> 10254 | D5: =C5*(1-$C$4) -> 9433.68 | E5: =C5*(1+$C$4) -> 11074.32 | G5: 2025 Forecast | H5: =Cumberland!T3 -> 443 | I5: =H5*(1-$H$4) -> 389.84 | J5: =H5*(1+$H$4) -> 496.16
B6: 2026 Forecast | C6: =NC!U3 -> 10544.667 | D6: =C6*(1-$C$4) -> 9701.0933 | E6: =C6*(1+$C$4) -> 11388.24 | G6: 2026 Forecast | H6: =Cumberland!U3 -> 432.33333 | I6: =H6*(1-$H$4) -> 380.45333 | J6: =H6*(1+$H$4) -> 484.21333
B7: 2027 Forecast | C7: =NC!V3 -> 10808.222 | D7: =C7*(1-$C$4) -> 9943.5644 | E7: =C7*(1+$C$4) -> 11672.88 | G7: 2027 Forecast | H7: =Cumberland!V3 -> 418.44444 | I7: =H7*(1-$H$4) -> 368.23111 | J7: =H7*(1+$H$4) -> 468.65778
B9: Sheltered Homeless | G9: Sheltered Homeless
B10: Year | C10: 0.07 | D10: Lower Band | E10: Upper Band | G10: Year | H10: 0.09 | I10: Lower Band | J10: Upper Band
B11: 2025 Forecast | C11: =NC!T4 -> 6390.3333 | D11: =C11*(1-$C$10) -> 5943.01 | E11: =C11*(1+$C$10) -> 6837.6567 | G11: 2025 Forecast | H11: =Cumberland!T4 -> 98.666667 | I11: =H11*(1-$H$10) -> 89.786667 | J11: =H11*(1+$H$10) -> 107.54667
B12: 2026 Forecast | C12: =NC!U4 -> 6601.4444 | D12: =C12*(1-$C$10) -> 6139.3433 | E12: =C12*(1+$C$10) -> 7063.5456 | G12: 2026 Forecast | H12: =Cumberland!U4 -> 103.88889 | I12: =H12*(1-$H$10) -> 94.538889 | J12: =H12*(1+$H$10) -> 113.23889
B13: 2027 Forecast | C13: =NC!V4 -> 6698.2593 | D13: =C13*(1-$C$10) -> 6229.3811 | E13: =C13*(1+$C$10) -> 7167.1374 | G13: 2027 Forecast | H13: =Cumberland!V4 -> 109.85185 | I13: =H13*(1-$H$10) -> 99.965185 | J13: =H13*(1+$H$10) -> 119.73852
B15: Unsheltered Homeless | G15: Unsheltered Homeless
B16: Year | C16: 0.2 | D16: Lower Band | E16: Upper Band | G16: Year | H16: 0.22 | I16: Lower Band | J16: Upper Band
B17: 2025 Forecast | C17: =NC!T5 -> 3863.6667 | D17: =C17*(1-$C$16) -> 3090.9333 | E17: =C17*(1+$C$16) -> 4636.4 | G17: 2025 Forecast | H17: =Cumberland!T5 -> 344.33333 | I17: =H17*(1-$H$16) -> 268.58 | J17: =H17*(1+$H$16) -> 420.08667
B18: 2026 Forecast | C18: =NC!U5 -> 3943.2222 | D18: =C18*(1-$C$16) -> 3154.5778 | E18: =C18*(1+$C$16) -> 4731.8667 | G18: 2026 Forecast | H18: =Cumberland!U5 -> 328.44444 | I18: =H18*(1-$H$16) -> 256.18667 | J18: =H18*(1+$H$16) -> 400.70222
B19: 2027 Forecast | C19: =NC!V5 -> 4109.963 | D19: =C19*(1-$C$16) -> 3287.9704 | E19: =C19*(1+$C$16) -> 4931.9556 | G19: 2027 Forecast | H19: =Cumberland!V5 -> 308.59259 | I19: =H19*(1-$H$16) -> 240.70222 | J19: =H19*(1+$H$16) -> 376.48296

Sheet NC
A1: NC | T1: FORECAST w/ 3 Yr Roll AVG
A2: North Carolina | B2: 2007 | C2: 2008 | D2: 2009 | E2: 2010 | F2: 2011 | G2: 2012 | H2: 2013 | I2: 2014 | J2: 2015 | K2: 2016 | L2: 2017 | M2: 2018 | N2: 2019 | O2: 2020 | P2: 2021 | Q2: 2022 | R2: 2023 | S2: =R2+1 -> 2024 | T2: =S2+1 -> 2025 | U2: =T2+1 -> 2026 | V2: =U2+1 -> 2027
A3: Overall Homeless | B3: 11802 | C3: 12411 | D3: 12918 | E3: 12191 | F3: 12896 | G3: 13524 | H3: 12168 | I3: 11491 | J3: 10685 | K3: 9559 | L3: 8962 | M3: 9268 | N3: 9314 | O3: 9280 | P3: 7249 | Q3: 9382 | R3: 9754 | S3: 11626 | T3: =(Q3+R3+S3)/3 -> 10254 | U3: =(R3+S3+T3)/3 -> 10544.667 | V3: =(S3+T3+U3)/3 -> 10808.222
A4: Sheltered Total Homeless | B4: 7879 | C4: 8025 | D4: 8473 | E4: 9173 | F4: 9245 | G4: 8809 | H4: 9013 | I4: 8874 | J4: 8260 | K4: 7250 | L4: 6511 | M4: 6818 | N4: 7046 | O4: 6722 | P4: 5612 | Q4: 5757 | R4: 6311 | S4: 7103 | T4: =(Q4+R4+S4)/3 -> 6390.3333 | U4: =(R4+S4+T4)/3 -> 6601.4444 | V4: =(S4+T4+U4)/3 -> 6698.2593
A5: Unsheltered Homeless | B5: 3923 | C5: 4386 | D5: 4445 | E5: 3018 | F5: 3651 | G5: 4715 | H5: 3155 | I5: 2617 | J5: 2425 | K5: 2309 | L5: 2451 | M5: 2450 | N5: 2268 | O5: 2558 | P5: 1637 | Q5: 3625 | R5: 3443 | S5: 4523 | T5: =(Q5+R5+S5)/3 -> 3863.6667 | U5: =(R5+S5+T5)/3 -> 3943.2222 | V5: =(S5+T5+U5)/3 -> 4109.963
S6: =IFERROR(INDEX(INDIRECT("'"&S$2&"'!"&"$A:$AXF"),MATCH($A$1,INDIRECT("'"&S$2&"'!$A:$A"),0),MATCH($A6,INDIRECT("'"&S$2&"'!$1:$1"),0)),"")
S7: =IFERROR(INDEX(INDIRECT("'"&S$2&"'!"&"$A:$AXF"),MATCH($A$1,INDIRECT("'"&S$2&"'!$A:$A"),0),MATCH($A7,INDIRECT("'"&S$2&"'!$1:$1"),0)),"")
S8: =IFERROR(INDEX(INDIRECT("'"&S$2&"'!"&"$A:$AXF"),MATCH($A$1,INDIRECT("'"&S$2&"'!$A:$A"),0),MATCH($A8,INDIRECT("'"&S$2&"'!$1:$1"),0)),"")
T30: FORECAST w/ 3 Yr Roll AVG
A31: =A2 -> North Carolina | B31: =B2 -> 2007 | C31: =C2 -> 2008 | D31: =D2 -> 2009 | E31: =E2 -> 2010 | F31: =F2 -> 2011 | G31: =G2 -> 2012 | H31: =H2 -> 2013 | ... S31: =S2 -> 2024 | T31: =S31+1 -> 2025 | U31: =T31+1 -> 2026 | V31: =U31+1 -> 2027
A32: =A3 -> Overall Homeless | B32: =B3/B$3 -> 1 | C32: =C3/C$3 -> 1 | D32: =D3/D$3 -> 1 | E32: =E3/E$3 -> 1 | F32: =F3/F$3 -> 1 | G32: =G3/G$3 -> 1 | H32: =H3/H$3 -> 1 | I32: =I3/I$3 -> 1 | ... V32: =V3/V$3 -> 1
A33: =A4 -> Sheltered Total Homeless | B33: =B4/B$3 -> 0.66759871 | C33: =C4/C$3 -> 0.64660382 | D33: =D4/D$3 -> 0.65590649 | E33: =E4/E$3 -> 0.75244032 | F33: =F4/F$3 -> 0.71688896 | G33: =G4/G$3 -> 0.65136054 | H33: =H4/H$3 -> 0.74071335 | I33: =I4/I$3 -> 0.77225655 | ... V33: =V4/V$3 -> 0.61973737
A34: =A5 -> Unsheltered Homeless | B34: =B5/B$3 -> 0.33240129 | C34: =C5/C$3 -> 0.35339618 | D34: =D5/D$3 -> 0.34409351 | E34: =E5/E$3 -> 0.24755968 | F34: =F5/F$3 -> 0.28311104 | G34: =G5/G$3 -> 0.34863946 | H34: =H5/H$3 -> 0.25928665 | I34: =I5/I$3 -> 0.22774345 | ... V34: =V5/V$3 -> 0.38026263
T36: Year-to Year % Dif
A37: Year-to Year % Dif | B37: =B31 -> 2007 | C37: =C31 -> 2008 | D37: =D31 -> 2009 | E37: =E31 -> 2010 | F37: =F31 -> 2011 | G37: =G31 -> 2012 | H37: =H31 -> 2013 | I37: =I31 -> 2014 | ... S37: =S31 -> 2024 | T37: =S37+1 -> 2025 | U37: =T37+1 -> 2026 | V37: =U37+1 -> 2027 | X37: STDEV 2007-2024
A38: {=A32:A34} -> Overall Homeless | C38: =(C3/B3)-1 -> 0.051601423 | D38: =(D3/C3)-1 -> 0.040850858 | E38: =(E3/D3)-1 -> -0.056278062 | F38: =(F3/E3)-1 -> 0.057829546 | G38: =(G3/F3)-1 -> 0.04869727 | H38: =(H3/G3)-1 -> -0.10026619 | I38: =(I3/H3)-1 -> -0.055637738 | J38: =(J3/I3)-1 -> -0.07014185 | ... V38: =(V3/U3)-1 -> 0.024994205 | X38: =_xlfn.STDEV.S(C38:O38,R38:S38) -> 0.078322537
A39: Sheltered Total Homeless | C39: =(C4/B4)-1 -> 0.01853027 | D39: =(D4/C4)-1 -> 0.055825545 | E39: =(E4/D4)-1 -> 0.082615366 | F39: =(F4/E4)-1 -> 0.0078491224 | G39: =(G4/F4)-1 -> -0.047160627 | H39: =(H4/G4)-1 -> 0.023158134 | I39: =(I4/H4)-1 -> -0.015422168 | J39: =(J4/I4)-1 -> -0.069190895 | ... V39: =(V4/U4)-1 -> 0.014665702 | X39: =_xlfn.STDEV.S(C39:O39,R39:S39) -> 0.07241694
A40: Unsheltered Homeless | C40: =(C5/B5)-1 -> 0.11802192 | D40: =(D5/C5)-1 -> 0.013451892 | E40: =(E5/D5)-1 -> -0.32103487 | F40: =(F5/E5)-1 -> 0.20974155 | G40: =(G5/F5)-1 -> 0.29142701 | H40: =(H5/G5)-1 -> -0.33085896 | I40: =(I5/H5)-1 -> -0.17052298 | J40: =(J5/I5)-1 -> -0.07336645 | ... V40: =(V5/U5)-1 -> 0.042285403 | X40: =_xlfn.STDEV.S(C40:O40,R40:S40) -> 0.19246088

Sheet Cumberland
A1: NC-511 | T1: FORECAST w/ 3 Yr Roll AVG
A2: Fayetteville/Cumberland County CoC | B2: 2007 | C2: 2008 | D2: 2009 | E2: 2010 | F2: 2011 | G2: 2012 | H2: 2013 | I2: 2014 | J2: 2015 | K2: 2016 | L2: 2017 | M2: 2018 | N2: 2019 | O2: 2020 | P2: 2021 | Q2: 2022 | R2: 2023 | S2: =R2+1 -> 2024 | T2: =S2+1 -> 2025 | U2: =T2+1 -> 2026 | V2: =U2+1 -> 2027
A3: Overall Homeless | B3: 757 | C3: 1074 | D3: 965 | E3: 1033 | F3: 1061 | G3: 1606 | H3: 631 | I3: 653 | J3: 593 | K3: 515 | L3: 442 | M3: 372 | N3: 329 | O3: 297 | P3: 54 | Q3: 475 | R3: 474 | S3: 380 | T3: =(Q3+R3+S3)/3 -> 443 | U3: =(R3+S3+T3)/3 -> 432.33333 | V3: =(S3+T3+U3)/3 -> 418.44444
A4: Sheltered Total Homeless | B4: 313 | C4: 266 | D4: 263 | E4: 294 | F4: 285 | G4: 306 | H4: 287 | I4: 268 | J4: 227 | K4: 224 | L4: 189 | M4: 147 | N4: 103 | O4: 132 | P4: 54 | Q4: 83 | R4: 86 | S4: 127 | T4: =(Q4+R4+S4)/3 -> 98.666667 | U4: =(R4+S4+T4)/3 -> 103.88889 | V4: =(S4+T4+U4)/3 -> 109.85185
A5: Unsheltered Homeless | B5: 444 | C5: 808 | D5: 702 | E5: 739 | F5: 776 | G5: 1300 | H5: 344 | I5: 385 | J5: 366 | K5: 291 | L5: 253 | M5: 225 | N5: 226 | O5: 165 | P5: 0 | Q5: 392 | R5: 388 | S5: 253 | T5: =(Q5+R5+S5)/3 -> 344.33333 | U5: =(R5+S5+T5)/3 -> 328.44444 | V5: =(S5+T5+U5)/3 -> 308.59259
S6: =IFERROR(INDEX(INDIRECT("'"&S$2&"'!"&"$A:$AXH"),MATCH($A$1,INDIRECT("'"&S$2&"'!$A:$A"),0),MATCH($A6,INDIRECT("'"&S$2&"'!$1:$1"),0)),"")
S7: =IFERROR(INDEX(INDIRECT("'"&S$2&"'!"&"$A:$AXH"),MATCH($A$1,INDIRECT("'"&S$2&"'!$A:$A"),0),MATCH($A7,INDIRECT("'"&S$2&"'!$1:$1"),0)),"")
S8: =IFERROR(INDEX(INDIRECT("'"&S$2&"'!"&"$A:$AXH"),MATCH($A$1,INDIRECT("'"&S$2&"'!$A:$A"),0),MATCH($A8,INDIRECT("'"&S$2&"'!$1:$1"),0)),"")
T30: FORECAST w/ 3 Yr Roll AVG
A31: =A2 -> Fayetteville/Cumberland County CoC | B31: =B2 -> 2007 | C31: =C2 -> 2008 | D31: =D2 -> 2009 | E31: =E2 -> 2010 | F31: =F2 -> 2011 | G31: =G2 -> 2012 | H31: =H2 -> 2013 | ... S31: =S2 -> 2024 | T31: =S31+1 -> 2025 | U31: =T31+1 -> 2026 | V31: =U31+1 -> 2027
A32: =A3 -> Overall Homeless | B32: =B3/B$3 -> 1 | C32: =C3/C$3 -> 1 | D32: =D3/D$3 -> 1 | E32: =E3/E$3 -> 1 | F32: =F3/F$3 -> 1 | G32: =G3/G$3 -> 1 | H32: =H3/H$3 -> 1 | I32: =I3/I$3 -> 1 | ... V32: =V3/V$3 -> 1
A33: =A4 -> Sheltered Total Homeless | B33: =B4/B$3 -> 0.41347424 | C33: =C4/C$3 -> 0.24767225 | D33: =D4/D$3 -> 0.27253886 | E33: =E4/E$3 -> 0.28460794 | F33: =F4/F$3 -> 0.26861451 | G33: =G4/G$3 -> 0.19053549 | H33: =H4/H$3 -> 0.4548336 | I33: =I4/I$3 -> 0.41041348 | ... V33: =V4/V$3 -> 0.26252434
A34: =A5 -> Unsheltered Homeless | B34: =B5/B$3 -> 0.58652576 | C34: =C5/C$3 -> 0.75232775 | D34: =D5/D$3 -> 0.72746114 | E34: =E5/E$3 -> 0.71539206 | F34: =F5/F$3 -> 0.73138549 | G34: =G5/G$3 -> 0.80946451 | H34: =H5/H$3 -> 0.5451664 | I34: =I5/I$3 -> 0.58958652 | ... V34: =V5/V$3 -> 0.73747566
T36: Year-to Year % Dif
A37: Year-to Year % Dif | B37: =B31 -> 2007 | C37: =C31 -> 2008 | D37: =D31 -> 2009 | E37: =E31 -> 2010 | F37: =F31 -> 2011 | G37: =G31 -> 2012 | H37: =H31 -> 2013 | I37: =I31 -> 2014 | ... S37: =S31 -> 2024 | T37: =S37+1 -> 2025 | U37: =T37+1 -> 2026 | V37: =U37+1 -> 2027 | X37: STDEV 2007-2024
A38: {=A32:A34} -> Overall Homeless | C38: =(C3/B3)-1 -> 0.41875826 | D38: =(D3/C3)-1 -> -0.10148976 | E38: =(E3/D3)-1 -> 0.070466321 | F38: =(F3/E3)-1 -> 0.027105518 | G38: =(G3/F3)-1 -> 0.51366635 | H38: =(H3/G3)-1 -> -0.60709838 | I38: =(I3/H3)-1 -> 0.034865293 | J38: =(J3/I3)-1 -> -0.091883614 | ... V38: =(V3/U3)-1 -> -0.032125418 | X38: =_xlfn.STDEV.S(C38:O38,R38:S38) -> 0.25851215
A39: Sheltered Total Homeless | C39: =(C4/B4)-1 -> -0.15015974 | D39: =(D4/C4)-1 -> -0.011278195 | E39: =(E4/D4)-1 -> 0.11787072 | F39: =(F4/E4)-1 -> -0.030612245 | G39: =(G4/F4)-1 -> 0.073684211 | H39: =(H4/G4)-1 -> -0.062091503 | I39: =(I4/H4)-1 -> -0.066202091 | J39: =(J4/I4)-1 -> -0.15298507 | ... V39: =(V4/U4)-1 -> 0.057397504 | X39: =_xlfn.STDEV.S(C39:O39,R39:S39) -> 0.19710128
A40: Unsheltered Homeless | C40: =(C5/B5)-1 -> 0.81981982 | D40: =(D5/C5)-1 -> -0.13118812 | E40: =(E5/D5)-1 -> 0.052706553 | F40: =(F5/E5)-1 -> 0.050067659 | G40: =(G5/F5)-1 -> 0.67525773 | H40: =(H5/G5)-1 -> -0.73538462 | I40: =(I5/H5)-1 -> 0.11918605 | J40: =(J5/I5)-1 -> -0.049350649 | ... P40: =(P5/O5)-1 -> -1 | Q40: =IF(P5=0,"",(Q5/P5)-1) | R40: =(R5/Q5)-1 -> -0.010204082 | S40: =(S5/R5)-1 -> -0.34793814 | T40: =(T5/S5)-1 -> 0.36100132 | U40: =(U5/T5)-1 -> -0.046143917 | V40: =(V5/U5)-1 -> -0.060442039 | X40: =_xlfn.STDEV.S(C40:O40,R40:S40) -> 0.37497816

Sheet Combined
T1: Forecast
A2: Cumberland Divided by State of NC | B2: =Cumberland!B2 -> 2007 | C2: =Cumberland!C2 -> 2008 | D2: =Cumberland!D2 -> 2009 | E2: =Cumberland!E2 -> 2010 | F2: =Cumberland!F2 -> 2011 | G2: =Cumberland!G2 -> 2012 | H2: =Cumberland!H2 -> 2013 | I2: =Cumberland!I2 -> 2014 | ... V2: =Cumberland!V2 -> 2027
A3: =Cumberland!A3 -> Overall Homeless | B3: =Cumberland!B3/NC!B3 -> 0.064141671 | C3: =Cumberland!C3/NC!C3 -> 0.086536137 | D3: =Cumberland!D3/NC!D3 -> 0.074701966 | E3: =Cumberland!E3/NC!E3 -> 0.08473464 | F3: =Cumberland!F3/NC!F3 -> 0.082273573 | G3: =Cumberland!G3/NC!G3 -> 0.11875185 | H3: =Cumberland!H3/NC!H3 -> 0.051857331 | I3: =Cumberland!I3/NC!I3 -> 0.056827082 | ... V3: =Cumberland!V3/NC!V3 -> 0.038715381
A4: =Cumberland!A4 -> Sheltered Total Homeless | B4: =Cumberland!B4/NC!B4 -> 0.039725854 | C4: =Cumberland!C4/NC!C4 -> 0.033146417 | D4: =Cumberland!D4/NC!D4 -> 0.031039773 | E4: =Cumberland!E4/NC!E4 -> 0.032050583 | F4: =Cumberland!F4/NC!F4 -> 0.030827474 | G4: =Cumberland!G4/NC!G4 -> 0.034737201 | H4: =Cumberland!H4/NC!H4 -> 0.031842894 | I4: =Cumberland!I4/NC!I4 -> 0.030200586 | ... V4: =Cumberland!V4/NC!V4 -> 0.01640006
A5: =Cumberland!A5 -> Unsheltered Homeless | B5: =Cumberland!B5/NC!B5 -> 0.11317869 | C5: =Cumberland!C5/NC!C5 -> 0.18422253 | D5: =Cumberland!D5/NC!D5 -> 0.15793026 | E5: =Cumberland!E5/NC!E5 -> 0.24486415 | F5: =Cumberland!F5/NC!F5 -> 0.21254451 | G5: =Cumberland!G5/NC!G5 -> 0.2757158 | H5: =Cumberland!H5/NC!H5 -> 0.10903328 | I5: =Cumberland!I5/NC!I5 -> 0.14711502 | ... V5: =Cumberland!V5/NC!V5 -> 0.075084032
